steps,python,cython
500000,1.38548,0.77020
500000,1.38987,0.75455
500000,1.39835,0.76325
500000,1.38766,0.75684
500000,1.37430,0.75726
