steps,python,cython
1000000,2.75110,1.50851
1000000,2.75943,1.52175
1000000,2.81563,1.51318
1000000,2.73996,1.51246
1000000,2.73094,1.53331
