steps,python,cython
10000000,27.91115,15.87566
10000000,28.46804,15.16777
10000000,27.98974,15.18203
10000000,27.42412,15.13412
10000000,27.82466,15.60171
