steps,python,cython
5000000,13.99435,7.66892
5000000,13.97312,7.92472
5000000,13.89087,7.59312
5000000,13.80254,7.61239
5000000,13.90035,7.60862
