steps,python,cython
50000000,138.68832,79.42223
50000000,137.61303,76.05645
50000000,135.68703,77.01948
50000000,136.64523,78.08908
50000000,137.64434,79.09908
